{"stats":{"minecraft:picked_up":{"minecraft:cocoa_beans":1,"minecraft:jungle_log":3},"minecraft:custom":{"minecraft:jump":11,"minecraft:time_since_rest":1202,"minecraft:damage_dealt":2,"minecraft:leave_game":1,"minecraft:sprint_one_cm":1174,"minecraft:play_time":1202,"minecraft:time_since_death":1202,"minecraft:walk_one_cm":2163,"minecraft:climb_one_cm":110,"minecraft:total_world_time":1202,"minecraft:fly_one_cm":1349},"minecraft:used":{"minecraft:jungle_log":2},"minecraft:mined":{"minecraft:grass":2,"minecraft:jungle_leaves":1,"minecraft:jungle_log":3,"minecraft:oak_leaves":1,"minecraft:fern":1}},"DataVersion":3465}